E_low[eV],E_high[eV],flux_bin [n·s⁻¹],err_bin [n·s⁻¹],flux_per_energy [n·cm⁻²·s⁻¹/eV],err_per_energy [n·cm⁻²·s⁻¹/eV],flux_per_lethargy [n·cm⁻²·s⁻¹],err_per_lethargy [n·cm⁻²·s⁻¹]
0.0,0.0024999,2443903092204.6655,44112010748.29722,977600340895501.9,17645510119723.676,0.0,0.0
0.0024999,0.00455602,5632804912146.098,82139736421.4765,2739531210311702.5,39948902020055.5,9245499548844.885,134821444710.3333
0.00455602,0.00714526,10829840382290.8,109107352963.86243,4182632889299872.5,42138756146151.94,23864458108583.92,240427168105.11334
0.00714526,0.0104505,18612715005774.156,146857825260.30865,5631274886475462.0,44431818948187.93,48661364267471.43,383947324627.4697
0.0104505,0.01483,30688745073714.402,202675971651.29562,7007362729470123.0,46278335803469.73,87235591315612.69,576125162172.5948
0.01483,0.0200104,41719350255706.76,212546491544.954,8053306743824173.0,41028972964434.01,138730739696223.03,706787900845.4839
0.0200104,0.0249394,41894991869851.19,224210938059.50296,8499694029184661.0,45488118900284.64,189877794159979.03,1016175834990.7836
0.0249394,0.0292989,37954019371594.3,220996808661.40466,8706048714667808.0,50693154871293.664,235336749752725.88,1370307322312.8662
0.0292989,0.0343998,43708553395330.45,242169927717.55457,8568792447476021.0,47475921448676.6,272034032948274.78,1507221286871.4294
0.0343998,0.0402999,47931451244150.61,262236652126.66623,8123837094990022.0,44446136866606.72,302476158710944.7,1654870302266.766
0.0402999,0.0473019,52045885541843.31,261293390011.41818,7433002790894502.0,37316965154444.18,324530540380175.9,1629287006558.8342
0.0473019,0.0554982,52631769987661.39,265269674500.80115,6421405998763029.0,32364563827678.496,329009827933000.56,1658244250265.801
0.0554982,0.0651999,52613356279740.53,271097749329.15717,5423106907010163.0,27943324296685.836,326220372673713.4,1680896545488.3298
0.0651999,0.0764969,48089886213667.98,271231734221.3729,4256872285887224.0,24009182457411.07,300632552014967.44,1695597450243.942
0.0764969,0.0897968,41057551087453.77,223631879511.93115,3087057127305755.0,16814553456186.236,255856829852924.3,1393598552044.626
0.0897968,0.104298,30654929043533.668,211365237290.67792,2113958089229419.5,14575706651220.44,204580762681840.12,1410581032105.709
0.104298,0.119995,22194821645307.883,167385700110.53317,1413953089463456.8,10663547181661.027,158181090950934.3,1192947304384.7375
0.119995,0.137999,15316305008227.195,128395502407.16508,850716785615818.1,7131498689578.151,109472376643922.2,917699196467.6013
0.137999,0.161895,11106020959104.754,116270196908.18718,464764854331467.8,4865676134423.635,69468507261097.055,727273705668.9901
0.161895,0.190005,6472430146624.148,92975973588.04808,230253651605270.38,3307576435007.047,40383667668896.78,580108357064.3429
0.190005,0.20961,2488212736456.6084,56574945756.35476,126917252560908.48,2885740665970.6606,25328482800944.914,575898322341.5438
0.20961,0.231192,1685642779092.363,41061823605.39184,78104104304159.1,1902595848642.0073,17193577726017.396,418831121568.63214
0.231192,0.254997,1211522994284.9824,38659829319.56703,50893635550723.97,1624021395486.9604,12357124208140.947,394317165271.2731
0.254997,0.279989,1056047985748.8909,36343695869.440094,42255441171130.375,1454213182996.1616,11290694604929.375,388567164005.608
0.279989,0.305012,834792028558.581,32721782452.875168,33360989032433.375,1307668243331.141,9749174977270.566,382143542089.26825
0.305012,0.325008,563183711201.1199,24144963993.27167,28164818523760.723,1207489697603.1033,8867729681041.201,380179699079.30194
0.325008,0.352994,791215259555.3143,29969744180.52573,28271823753137.84,1070883448171.4349,9576008262793.516,362721161454.62006
0.352994,0.390001,837853056237.4548,31538668697.967754,22640393877846.207,852235217606.608,8400410326551.55,316210290388.92804
0.390001,0.431579,769912742676.8955,31305736054.81372,18517310661332.81,752939921468.4141,7596978987710.558,308903861204.23114
0.431579,0.475017,711087212416.7854,32733041649.62045,16370164658059.416,753557752420.0107,7412040372570.026,341193909815.0991
0.475017,0.520011,780258446594.9059,32067655652.124676,17341388776168.07,712709597993.6145,8618758588885.003,354220301982.38776
0.520011,0.55499,549697215986.23755,25252528361.25235,15715063780732.377,721933970703.9183,8442381864526.888,387834395500.7865
0.55499,0.594993,591077492325.1908,27971682320.078514,14775829120945.693,699239615030.8352,8490834328310.831,401813507615.7861
0.594993,0.624999,427209396167.8075,23273365833.649387,14237465712451.104,775623736374.3721,8682169907598.633,472984251521.64636
0.624999,0.719999,1023374631769.0435,35045039837.940926,10772364544937.303,368895156188.8519,7226311020929.98,247462023923.8016
0.719999,0.800371,759469469412.865,30370370013.874428,9449428525019.459,377872517964.8931,7173269757589.921,286851368647.8559
0.800371,0.880024,716476888814.8042,29597503490.736927,8994976822151.137,371580524157.7459,7549061770019.6875,311850089762.9089
0.880024,0.919978,303603834647.9814,17100865097.713408,7598834525904.338,428013843362.703,6837273718175.32,385117979903.7328
0.919978,0.944022,186923290885.922,13314860798.402685,7774217721091.395,553770620462.5957,7244968103480.15,516071278916.1095
0.944022,0.96396,161021926269.72278,14690514586.498878,8076132323689.572,736809839828.4116,7704136879032.552,702871576683.4833
0.96396,0.981959,129173218166.45134,10844928445.629776,7176688603058.582,602529498618.2446,6982328647890.431,586211721323.4319
0.981959,0.996501,103090416462.71939,12595370712.944847,7089149804890.647,866137444157.9492,7012610226137.65,856785999070.3715
0.996501,1.00904,74952505267.69676,7226085528.956063,5977550463968.177,576288821194.3602,5993994112276.207,577874134569.2438
1.00904,1.02101,78697912631.46884,8206611322.836361,6574595875644.829,685598272584.4893,6673263168947.293,695887289145.8489
1.02101,1.03499,95620846256.18524,11219984703.193607,6839831634920.21,802574013103.9717,7031184372682.117,825027012367.8632
1.03499,1.07799,290919397963.73535,17742209869.754436,6765567394505.484,412609531854.755,7146274061413.927,435827569669.9793
1.07799,1.09198,83002853550.69261,9731920031.109304,5933013120135.306,695634026526.7578,6437096456965.461,754736798457.963
1.09198,1.10395,79797609840.3994,9034244659.58547,6666466987502.019,754740573064.7822,7319438681063.138,828666421811.5508
1.10395,1.11605,67945715296.305435,8370154474.597475,5615348371595.49,691748303685.7418,6232944108094.742,767829211728.4103
1.11605,1.12997,71538601105.84372,8612621373.728678,5139267320822.131,618722799836.8333,5771337750454.392,694818546857.3602
1.12997,1.14797,102460004807.43399,9754102279.147871,5692222489301.883,541894571063.77014,6483068238910.708,617182390376.4055
1.14797,1.16999,156270049852.15292,12750842566.28879,7096732509180.375,579057337251.9847,8224599904197.569,671085589646.6094
1.16999,1.21397,275968493826.41296,16294413256.489773,6274863433979.389,370495981275.348,7478238820598.397,441548642325.09863
1.21397,1.25094,236387779086.02362,16795799061.048431,6394043253611.684,454308873709.7229,7879484161614.354,559852261376.9634
1.25094,1.29304,222513558112.63406,15441108899.099054,5285357674884.416,366772182876.4619,6722001458727.215,466466661287.9814
1.29304,1.33095,199948651662.0981,15327683894.808254,5274298382012.596,404317697040.57526,6919130880302.8,530407432500.7871
1.33095,1.38098,246310298407.13086,17312573632.065575,4923252016932.455,346043846333.5113,6674621334212.751,469143491206.004
1.38098,1.41001,157224233891.43643,12581798965.17568,5415922628020.565,433406784883.76605,7557484101558.962,604784283534.711
1.41001,1.44397,164242487639.23715,14734399560.342482,4836351226125.948,433875134285.70337,6900936231455.14,619091644532.6217
1.44397,1.51998,364286337796.41144,19722017612.002575,4792610680126.441,259466091461.6832,7100193313072.675,384395798140.80426
1.51998,1.58803,312761201227.79834,21595487943.39811,4596049981304.902,317347361401.8828,7140572466300.32,493041163672.45667
1.58803,1.66895,364781249671.2559,19428194966.093067,4507924489264.168,240091386135.60422,7338843844932.562,390865728908.9192
1.66895,1.77997,394392297553.4416,19899825253.56412,3552443681800.0464,179245408517.06088,6122872357910.521,308941352881.7387
1.77997,1.90008,430946855242.52826,23039111560.644463,3587934853405.4487,191816764304.75793,6598372565372.054,352759603192.2507
1.90008,1.98992,332018949323.0005,21311900986.245415,3695669516061.8965,237220625403.44427,7186159949036.456,461271049792.3917
1.98992,2.0701,270236331757.85577,21716861159.27539,3370370812644.7407,270851348955.79138,6840552121148.74,549723716649.93726
2.0701,2.15695,253425700411.60425,14309208621.359793,2917970068066.8276,164757727361.65546,6165900814141.884,348146067841.0674
2.15695,2.21709,168990404390.0396,13002211033.904045,2809950189392.0957,216199052775.2598,6144836360693.055,472786957454.2965
2.21709,2.27299,177323130314.49634,12713976705.7815,3172149021726.2153,227441443752.7985,7121049514876.082,510575566155.84796
2.27299,2.33006,202493869369.8199,18507511381.287437,3548166626420.537,324294925202.1632,8165566525758.435,746315510096.415
2.33006,2.46994,353750361475.13025,21390150140.403427,2528955972799.0483,152917859167.8829,6066916568538.708,366846992747.08026
2.46994,2.55,192784524577.93707,13372960581.040714,2408000556806.608,167036729715.7221,6043240457613.384,419203857769.9357
2.55,2.59009,104331974350.19832,10635145909.521076,2602443860069.7896,265281763769.54425,6688194393620.269,681765333114.8447
2.59009,2.62005,99794368796.1463,11464961014.712679,3330920186787.261,382675601292.1456,8677136787286.33,996880246707.9553
2.62005,2.64004,38980428096.994484,5338627437.031183,1949996403051.2546,267064904303.71164,5128541255250.833,702387644104.3878
2.64004,2.70012,139445823560.4548,14291812802.1155,2321002389488.257,237879707092.4678,6196869835443.958,635117649176.8175
2.70012,2.7199,53519979673.43764,10403969022.756374,2705762369739.024,525984278197.99915,7332594250058.501,1425413161580.7112
2.7199,2.74092,39841482735.64129,6859444110.785468,1895408312827.8408,326329405841.3632,5175203471441.356,891006472069.3315
2.74092,2.77512,113588413695.44447,17116964489.182976,3321298646065.6484,500496037695.4118,9160032025246.934,1380351549906.527
2.77512,2.88405,245826209244.63498,18534856739.79315,2256735603090.3794,170153830347.86703,6384442161229.096,481375526171.4806
2.88405,3.14211,590275611715.7926,27310037804.843575,2287358024164.1157,105828248488.11722,6885670429620.299,318576468368.7552
3.14211,3.54307,873246382997.4098,37801351665.618866,2177889023836.3174,94277114090.23062,7266684504210.246,314562421024.7311
3.54307,3.71209,311228686174.98145,21941331231.169647,1841371945183.895,129814999592.7682,6677911158359.256,470786489698.7847
3.71209,3.88217,244118579405.7666,13862529164.711496,1435316200645.382,81505933470.78725,5448715222011.683,309410999601.9425
3.88217,4.0,170978724293.07193,11886715473.579557,1451062753908.782,100880212794.53065,5718122630581.768,397533067542.6958
4.0,4.21983,350876434692.36395,23665055534.592205,1596126255253.4414,107651619590.55728,6557596870988.548,442280754082.1986
4.21983,4.30981,137522795959.3956,12532251492.346056,1528370704149.7668,139278189512.62607,6517863251051.59,593963356293.4274
4.30981,4.4198,140551808612.76416,10910810146.14959,1277859883741.8245,99198201165.10156,5577166466508.01,432946434984.6484
4.4198,4.76785,490594624746.0234,24152915946.405457,1409552146950.2192,69394960340.19675,6470588000996.576,318559479107.2093
4.76785,4.93323,233526027408.57596,16957286056.759827,1412057246393.6155,102535288769.86238,6848244819815.243,497279244138.18933
4.93323,5.10997,246860905444.1011,18663885006.11587,1396746098472.907,105600797816.65671,7012814060875.1,530202848304.318
5.10997,5.21008,119338347786.34004,11598603524.657759,1192072198445.1116,115858590796.7013,6150832927536.101,597805096150.8888
5.21008,5.32011,131450636754.67503,12112310348.84845,1194679966869.717,110081889928.64166,6289760128727.312,579559966994.5966
5.32011,5.38003,84089099878.22116,9659398880.760324,1403356139489.6729,161204921240.9935,7507935857077.047,862444089896.286
5.38003,5.41025,23347700674.82966,3350043582.6003933,772591021668.7533,110855181422.91208,4168220377319.985,598076877906.817
5.41025,5.48817,66807692029.00289,6844053761.460061,857388244725.3893,87834365521.8173,4671969182439.349,478615669624.06476
5.48817,5.53004,45932328870.26444,6345567018.04451,1097022423459.8779,151554024792.085,6043568081489.131,834921007326.2976
5.53004,5.61979,96503562282.62656,9757446869.629112,1075248604820.3463,108718070970.79736,5994225372444.369,606074368787.7136
5.61979,5.72015,124063734255.08495,11489058540.426544,1236187069102.079,114478462937.6895,7008869095622.068,649064030075.2347
5.72015,5.80021,91143581097.63306,11318378373.402794,1138440933020.6536,141373699392.99094,6557466342543.03,814318291446.6721
5.80021,5.96014,161228920630.49924,13987893412.444519,1008121807231.2831,87462598714.71585,5927384481039.719,514247828560.3382
5.96014,6.05991,87278514029.90047,8126967195.677022,874797173798.7385,81457023109.92276,5257371771915.922,489541880962.83984
6.05991,6.16011,112165940793.13066,13441904933.060972,1119420566797.7104,134150747834.93977,6839440922851.312,819634855555.765
6.16011,6.28016,171150536381.09692,18502121400.443203,1425660444657.2004,154120128283.5752,8867387514849.121,958603366215.5286
6.28016,6.35978,96822122008.49539,11499418020.354858,1216052775791.2104,144428761873.33524,7685264587318.687,912767333056.9354
6.35978,6.43206,58220072581.85664,7169354229.899799,805479698144.1138,99188630740.17415,5151701467499.557,634392419474.739
6.43206,6.48178,39644304210.361145,5516323995.484536,797351251214.0253,110947787519.80214,5148395081887.658,716375678527.5848
6.48178,6.51492,27576653569.835247,7127935273.077179,832125937532.7375,215085554407.8785,5407428006861.41,1397696668637.6348
6.51492,6.53907,22432960036.75793,4683828085.00017,928901036718.7676,193947332712.22495,6062922046854.408,1265891104593.0562
6.53907,6.55609,21060630120.74832,5100336628.275386,1237404824955.8008,299667251955.06714,8102000240567.295,1962093648306.9045
6.55609,6.57184,21349709804.050507,6269542361.301344,1355537130415.9302,398066181669.93396,8897691876764.857,2612890603721.4897
6.57184,6.58829,18620810822.3417,4609595223.053161,1131964183728.9888,280218554592.89984,7448392087660.516,1843854862942.489
6.58829,6.60611,13527256935.358072,3751894213.245154,759105327461.1547,210544007477.27673,5007965098937.751,1388999659326.7844
6.60611,6.63126,28151061852.993263,5509736443.667746,1119326515029.553,219075007700.50674,7408456243895.186,1449985850319.4248
6.63126,6.71668,100437091255.62051,11788099036.319284,1175802988241.869,138001627678.7553,7847113181267.191,920999863432.5009
6.71668,6.74225,24616385788.520958,5073203254.214784,962705740653.9253,198404507399.8735,6478482895135.278,1335153778801.3296
6.74225,6.75981,18968082769.37658,5218147802.850837,1080186945864.296,297161036608.82477,7292368309937.191,2006141376371.0867
6.75981,6.77605,14403596951.012299,4355870172.684401,886920994520.4722,268218606692.39236,6002614886170.892,1815283448274.047
6.77605,6.79165,18008940847.840416,5038977379.753655,1154419285117.971,323011370497.028,7831402090722.73,2191259237304.871
6.79165,6.8107,21434896393.391422,5782429300.985627,1125191411726.5833,303539595852.2637,7652616194788.683,2064423886256.1572
6.8107,6.83526,29229447854.436153,6481806585.528167,1190124098307.6543,263917206251.14536,8120179768469.808,1800698903416.063
6.83526,6.87021,32302390948.101166,6389027712.495213,924245806812.616,182804798640.77725,6333590995520.773,1252708768679.2747
6.87021,6.91778,42710636262.36114,6417505739.28352,897848145099.0463,134906574296.48087,6189723783927.795,930039713384.9763
6.91778,6.99429,63357097965.731674,8086295728.703234,828089112086.4077,105689396532.52066,5760129737393.11,735168023596.2097
6.99429,7.13987,104462341910.84183,10453515638.921223,717559705391.1385,71805987353.4911,5070782848525.314,507431738931.0932
7.13987,7.38015,229174561092.48306,17914976978.90476,953781259748.9713,74558752201.20169,6923513312824.655,541223166398.2127
7.38015,7.60035,195753085063.62003,19348383269.46599,888978587936.5153,87867317300.02748,6657952480455.115,658077068567.6318
7.60035,7.73994,108309604468.74411,12051307152.290432,775912346649.0725,86333599486.2843,5951113808356.424,662163810444.3142
7.73994,7.83965,98428370307.73535,13708550467.094204,987146427717.7352,137484208876.68448,7689510818912.696,1070951868843.9302
7.83965,7.97008,111493387576.58951,12708992406.665163,854813981266.4961,97439181221.07732,6756959163479.797,770217360575.0454
7.97008,8.13027,122277264734.4701,11756107271.213562,763326454425.8114,73388521575.71399,6144607384139.337,590761199183.6569
8.13027,8.30032,115321668596.37334,11284778665.317812,678163296656.1216,66361532874.553505,5571013148986.652,545150370204.2916
8.30032,8.52407,159776546745.1958,13785791937.600607,714085125118.191,61612477933.410324,6006492072741.967,518250341971.15625
8.52407,8.67369,139446563203.68707,16605002568.891705,932004833603.0381,110981169421.8129,8013894422596.12,954277641677.418
8.67369,8.80038,90553506747.75462,9567894282.290377,714764438769.8685,75522095526.80067,6244757784022.8545,659821849445.0756
8.80038,8.97995,106922253805.80455,10681014097.487934,595434949077.2654,59481060853.63887,5293244975526.235,528769476817.5904
8.97995,9.14031,102347354601.15942,11652390714.11711,638234937647.5436,72663948080.05229,5782265063746.118,658319035190.7324
9.14031,9.50002,261275278736.06808,19126855591.846424,726349778254.8949,53172988217.86005,6768439179952.469,495488740471.0095
9.50002,10.5793,730594989592.347,30951755276.354847,676928127633.5581,28678151430.912117,6786303623822.766,287502668356.38116
10.5793,10.8038,125587613339.25375,11257186311.615646,559410304406.4735,50143368871.339,5980633596618.062,536080787495.89795
10.8038,11.0529,139539151294.08206,12160137343.258562,560173228800.0116,48816288009.87006,6121371511411.086,533446832788.82715
11.0529,11.2694,125743590502.36421,13322759095.323713,580801803706.0706,61536993511.88785,6482111153108.3125,686791310610.3752
11.2694,11.5894,177059660224.9507,14349842115.354097,553311438202.9705,44843256610.481514,6323398057549.771,512481293836.7382
11.5894,11.7094,64887889105.779976,8067349844.3457155,540732409214.8286,67227915369.54707,6299124576411.732,783154489556.4009
11.7094,11.8153,73926215332.58273,13121602892.109161,698075687748.6559,123905598603.48581,8210927367855.185,1457406250438.2065
11.8153,11.9795,67083837572.609276,6503985066.35149,408549558907.48834,39610140477.17126,4860561789955.874,471246464720.1318
11.9795,12.1302,79175962964.91795,9584027051.959827,525387942700.1838,63596728944.656906,6333349115606.848,766634051301.3649
12.1302,12.3086,88823891416.82867,9960455933.27478,497891768031.5512,55832152092.34746,6083776567467.316,682217221533.1144
12.3086,12.4721,79663512070.37526,8844668601.175177,487238605935.0196,54095832423.09006,6036925457111.877,670251708096.7178
12.4721,12.6,64323604990.58986,8816530181.268257,502921071075.7598,68932995944.2395,6304561659218.855,864136239818.9802
12.6,13.3297,331146918984.3661,19851017058.065704,453812414669.5431,27204353923.620216,5881279682218.737,352560681080.9292
13.3297,13.546,126498768652.8913,15805179620.406515,584830183323.5881,73070640871.04308,7858605754192.752,981880510250.6248
13.546,14.0496,226675959767.05124,15816826305.244213,450111119473.89,31407518477.45075,6209508949547.069,433282490991.8902
14.0496,14.2505,75777640408.3909,8336770185.281523,377190843247.34,41497113913.79538,5337134805043.555,587171441044.0857
14.2505,14.4702,101799786607.88205,11644531863.24194,463358154792.36346,53001965695.22969,6653790595066.712,761104508932.1908
14.4702,14.5952,57483590301.52508,7223493309.043584,459868722412.2006,57787946472.34867,6683072377768.98,839807123240.6558
14.5952,14.7301,72649068941.28943,9584951315.578133,538540170061.44867,71052270686.2723,7896342475438.214,1041803553729.9435
14.7301,14.8662,47207881784.571205,6862294353.069891,346861732436.23474,50420972469.28686,5132857673639.217,746129224557.5342
14.8662,15.7792,321086483396.0587,18481693089.811424,351682895285.935,20242818280.18775,5386339484501.751,310036947607.3573
15.7792,16.0498,117818835667.4414,11969709704.62793,435398505792.46356,44233960475.34314,6928899101374.146,703935922862.163
16.0498,16.5501,187608092895.26367,15347101575.458857,374991191075.8823,30675797672.314365,6111617832584.965,499955083064.7301
16.5501,16.8305,121008888369.32797,13931388199.435436,431558089762.225,49683980739.78397,7202579859727.342,829211287001.0499
16.8305,17.4457,210410701030.74597,16939360333.470312,342019995173.5154,27534720958.1768,5860628673902.79,471816786891.46686
17.4457,17.5648,48135630348.489174,9342226592.94404,404161463883.19,78440189697.26112,7074906528135.601,1373107185492.9253
17.5648,17.759,61770637702.03001,7282686328.545148,318077434099.024,37500959467.27704,5617766933412.592,662328186415.5394
17.759,17.9591,68315792552.876816,8207083927.696531,341408258635.0682,41014912182.391655,6097131480913.847,732475872885.9011
17.9591,19.0848,377955269477.6171,23294099737.886005,335751327598.4867,20692990794.95955,6215897287416.57,383097533138.4062
19.0848,19.1997,33156291778.288906,5709057122.615988,288566508079.1061,49687181223.81248,5523787361934.584,951120161245.4948
19.1997,19.3927,58861095251.18418,9753051360.787012,304979768140.84845,50533944874.54375,5884877010680.8545,975100913296.8933
19.3927,19.5974,55450844643.85594,7060057638.32606,270888347063.29367,34489778399.248146,5280909089978.953,672370687903.354
19.5974,20.0734,147810445412.5485,13119625792.243906,310526145824.6823,27562239059.33599,6158966911796.454,546668680444.43146
20.0734,20.2751,54308828045.4886,8701793892.326141,269255468743.12793,43142260249.51012,5431959268133.149,870351868819.823
20.2751,20.4175,44759497447.83659,9747652399.737806,314322313538.1737,68452615166.69708,6395256929888.747,1392748916187.4617
20.4175,20.5199,23768277757.220116,3946524118.100626,232112087472.8541,38540274590.82666,4751017821457.778,788866850574.1147
20.5199,20.6021,29082444661.58113,5773208743.154929,353801029946.2413,70233683006.75073,7274488443267.277,1444071871238.8628
20.6021,20.6847,29748703268.96005,6186483136.624407,360153792602.4248,74896890273.90382,7434783923086.822,1546123370446.6868
20.6847,20.7676,16895148655.396652,2692703441.3182654,203801551934.81552,32481344286.106083,4224013088519.7197,673211867597.1138
20.7676,20.9763,65410802932.948166,8435060927.247571,313420234465.49677,40417158252.26498,6541609706376.479,843574363276.398
20.9763,21.0604,30878296687.73014,6613862847.260565,367161672862.4145,78642840038.76733,7717117102759.137,1652939428947.811
21.0604,21.1448,19059918690.564266,4716129158.341837,225828420504.31946,55878307563.29276,4765557297739.743,1179175215408.7368
21.1448,21.2296,15402779030.23995,1998934459.560149,181636545167.9211,23572340325.00139,3848362103731.843,499430888861.82184
21.2296,21.336,52491650872.45415,11072226263.932049,493342583387.7401,104062276916.65736,10499678730707.738,2214729707920.037
21.336,21.4859,35100816819.78096,6626655356.686484,234161553167.31424,44207173827.12729,5013590588693.928,946511789209.3796
21.4859,21.7018,56458656199.21079,7494074894.513848,261503734132.52145,34710861021.37067,5646801848119.07,749531760284.3522
21.7018,22.0011,84149139423.45956,9956245554.128258,281153155440.8918,33265103755.857597,6143460042592.319,726873704889.8711
22.0011,22.1557,31733277801.22502,4637504340.86484,205260529115.29965,29996793925.38735,4531796290117.317,662277155829.2327
22.1557,22.3788,48415148331.437,8553980404.465344,217010974143.6005,38341463041.08199,4832176978495.366,853748229830.7582
22.3788,22.5356,33711850308.340538,5030264681.317443,214999045333.80377,32080769651.259098,4828247138044.686,720439869928.1526
22.5356,24.6578,550183570468.0349,26870520666.535618,259251517513.91672,12661634467.314854,6111291968684.979,298470557752.36664
24.6578,27.8852,705893460643.8593,25619271475.92111,218718925650.32513,7938052759.472366,5735224315760.113,208150771912.1558
27.8852,31.693,774728893892.4473,33250110815.969227,203458399572.574,8732105366.87043,6048451201506.722,259589740747.42627
31.693,33.0855,254214790303.37097,16934651961.36562,182559993036.53186,12161329954.302044,5911614925354.599,393805337490.49536
33.0855,34.5392,284999390457.58325,17867222554.068245,196051035604.03363,12290859568.045862,6627414428434.764,415486813360.4325
34.5392,35.698,244993870102.90247,18767440872.653534,211420322836.471,16195582389.241928,7423775180313.913,568688766334.8259
35.698,36.0568,67677558598.9379,10114398405.885406,188621958191.01862,28189516181.39728,6767180839194.692,1011353903853.1929
36.0568,36.4191,65518307184.37445,9456330860.387398,180839931505.31293,26100830417.851116,6553186515464.468,945828769746.3635
36.4191,36.8588,77796540324.00339,9242191376.814621,176930953659.32007,21019311750.772297,6482447660062.589,770111647831.1733
36.8588,37.3038,82882276222.6862,10681053203.068993,186252306118.39584,24002366748.469635,6906353307517.414,890022939507.467
37.3038,37.7919,80842982009.56213,9075285499.65423,165627908235.12155,18593086456.984856,6218840488927.295,698115674495.3944
37.7919,38.7874,169923309613.48746,14762108995.528404,170691421008.0236,14828838769.993378,6535162511452.387,567743069017.3766
38.7874,39.7295,140025008809.9114,13622289696.365934,148630727958.72083,14459494423.485706,5834591957718.489,567616474968.5931
39.7295,41.227,199804435841.83218,15831335076.23264,133425332782.52608,10571843122.69295,5399899922609.528,427856492238.3769
41.227,42.1441,145397648137.87854,13664606745.569347,158540669652.03116,14899800180.535683,6608455148379.825,621068785876.862
42.1441,43.1246,123625582437.56859,12416142954.068233,126084224821.58968,12663072875.133345,5375163567863.524,539846186721.07227
43.1246,44.1721,165207467931.4067,17544267662.00597,157715959839.05185,16748704211.938885,6883545803972.965,731000671826.2972
44.1721,45.2904,149990027176.31564,13298880647.160822,134123247050.26912,11892051012.394571,5999031749611.828,531904745525.7337
45.2904,46.2053,102030692880.0274,9416992467.407444,111521142070.2012,10292919955.631668,5101597412038.78,470855416589.24396
46.2053,47.5173,173829948136.10086,15757245846.691288,132492338518.36981,12010095919.734234,6208154842358.173,562753559753.5442
47.5173,49.2591,221053295101.30276,15160821728.923506,126910836549.14632,8704111682.698086,6139992220763.22,421108074563.23553
49.2591,51.7847,323712829691.20496,19319302364.389366,128172644001.90228,7649391180.071798,6473502378231.813,386341035420.0488
51.7847,52.9895,128762054716.1448,12481134185.996513,106874215401.84673,10359507126.49114,5598460038271.263,542668654415.63605
52.9895,54.06,135666319425.42621,10744976451.648241,126731732298.38942,10037343719.428505,6782945112475.814,537219450008.28033
54.06,57.0595,306066455663.75037,19217673368.71492,102039158414.31926,6406958949.396544,5667204307017.542,355839325972.03125
57.0595,59.925,278699754216.35156,19125380509.6686,97260427226.08684,6674360673.414278,5687274301763.298,390281237921.8853
59.925,62.3083,218285348223.45053,17389375586.45203,91589538968.42615,7296343551.567989,5596581665897.559,445843302725.56866
62.3083,63.6306,129098433128.74478,12378043951.47773,97631727390.71689,9360995198.879032,6147477298595.761,589424227301.385
63.6306,64.5923,111683107055.47905,14421594686.527792,116130921342.9134,14995939156.210764,7445112342207.794,961384361751.7706
64.5923,65.046,43619111942.1879,6063144199.795636,96140868287.8262,13363773858.92765,6231731198703.223,866223157458.6187
65.046,65.5029,48720501233.12807,7529869315.733308,106632745093.30072,16480344311.082222,6960351159359.567,1075738822365.67
65.5029,65.8312,38706281491.812904,7047292822.114556,117899121205.6444,21466015297.333492,7742063298300.576,1409605495738.7417
65.8312,66.1612,41703924973.17743,9447502224.396204,126375530221.75044,28628794619.382584,8340278701126.047,1889385750421.5918
66.1612,66.4929,19956895998.858463,2526271125.574078,60165498941.385994,7616132425.607435,3990587581045.458,505154016969.6881
66.4929,66.8261,28538299251.748825,5094709697.674655,85649157418.21613,15290245191.100826,5709312177672.419,1019236916049.1302
66.8261,69.0682,184426594223.39133,14161860841.434336,82256185818.3804,6316337737.582751,5588312637663.954,429118730117.4383
69.0682,71.8869,227266700604.1123,17048372301.447206,80628197610.2859,6048310320.873897,5681341543417.891,426184854826.52484
71.8869,73.5595,129977106517.86014,11029808379.809622,77709617671.80434,6594408932.087531,5650918378840.515,479534808539.4619
73.5595,76.3322,221908578676.42682,16595610090.343424,80033389359.26236,5985360872.1980095,5997144088653.0625,448501205066.15094
76.3322,79.3679,238167861314.1913,18111059413.943005,78455664694.86143,5966024117.647651,6106616413440.743,464366989197.1058
79.3679,83.9393,340215919817.3654,19818034236.82034,74422697601.90874,4335222084.44248,6074499828697.009,353847773029.84955
83.9393,88.7741,340366899563.3466,20190414115.713406,70399375271.64444,4176059840.265037,6077075274390.612,360489420562.6871
88.7741,93.3256,320080327356.6484,23419128539.25101,70324140911.0511,5145364943.260696,6401002102946.756,468338345773.72815
93.3256,97.3287,243729638958.1069,15424139042.673761,60885223691.16602,3853048647.9662633,5802735334587.142,367219173716.87427
97.3287,100.594,170458158624.73343,11799636491.910582,52202908959.27896,3613645451.2328405,5165367248197.144,357562561790.47455
100.594,101.098,29271892616.608284,6030547216.666511,58079152017.07937,11965371461.639786,5857031877698.023,1206656083041.8718
101.098,101.605,21824229107.49897,3331228055.5885096,43045816780.07644,6570469537.649856,4362744452694.128,665924860328.0134
101.605,102.115,25807218658.46071,5516027330.527044,50602389526.394455,10815739863.778711,5154343245452.598,1101687810263.619
102.115,103.038,44236318789.770065,6068418492.787469,47926672578.299,6574667922.846649,4916100573778.835,674399598576.49
103.038,105.646,160342371737.23727,13500855809.527447,61480970758.14302,5176708515.923093,6414546467020.427,540105937042.4943
105.646,110.288,260431294338.09253,16879460069.630245,56103251688.51633,3636247322.1952305,6055899970285.349,392503988408.56604
110.288,112.854,152832446577.48718,13801336604.447676,59560579336.510925,5378541155.279682,6644794012117.104,600049537137.7202
112.854,115.48,128852211018.65997,11180516967.107046,49067864058.89556,4257622607.4284177,5601560351222.704,486047853226.5922
115.48,116.524,48762279365.48052,6697072789.421218,46707164143.18071,6414820679.522258,5418069598041.0625,744124494350.8104
116.524,117.577,62551680224.25101,9128666633.596346,59403305056.26892,8669199082.237768,6953116217853.307,1014723821804.3424
117.577,120.554,163164979145.24774,15617708415.752842,54808525073.98305,5246123082.214586,6525294469614.722,624583454655.7198
120.554,126.229,297563544425.7577,21850612626.792606,52434104744.62693,3850328216.1749105,6468211923154.033,474972138786.6551
126.229,132.701,298229609801.138,20866256407.90222,46079976792.51209,3224081645.225933,5963880329149.494,417275320908.1347
132.701,139.504,291395968901.1489,17760715711.296288,42833451256.96737,2610718170.1155806,5827918859211.2,355214282604.11395
139.504,146.657,293174165405.6073,19612785873.019344,40986182777.24123,2741896529.1513057,5862491162586.099,392189344839.42175
146.657,154.176,326248143101.7127,20101589013.269943,43389831507.07723,2673439155.907701,6524507716315.762,402003736727.4731
154.176,163.056,335797713518.17334,19855536848.090088,37815057828.623024,2235983879.2894187,5995722828562.651,354523842066.05914
163.056,167.519,169457207820.16528,14514209188.218033,37969349724.43771,3252119468.567791,6275286918000.626,537485706365.51324
167.519,175.229,287242710677.18964,17715844676.83689,37255863901.062164,2297774925.659776,6383070858946.313,393679239524.44696
175.229,183.295,264089753799.67886,16486929305.097734,32741105107.820446,2044003137.254871,5867750436450.463,366319348758.5917
183.295,184.952,38684314804.162125,4726933094.487648,23345995657.309525,2852705548.8760514,4298502914262.4644,525244812659.6443
184.952,186.251,33775370857.376003,4940825703.93766,26001055317.456375,3803560973.008187,4825805319751.209,705942299396.5094
186.251,187.559,48304746338.786194,7705437082.130425,36930234203.96519,5891006943.524823,6902403167932.127,1101051912227.7869
187.559,188.877,45941280128.298065,9162498144.416265,34856813450.90869,6951819532.940958,6560639500897.713,1308449548756.321
188.877,190.204,44064972545.155235,8490285758.416589,33206460094.31447,6398105319.078072,6293930486245.721,1212692650995.6772
190.204,193.078,76609864852.24442,9018842404.479836,26656181229.034286,3138080168.5733647,5108273612129.348,601367914636.2288
193.078,195.996,72832557701.86464,8225997435.866849,24959752468.082413,2819053267.946138,4855458805491.249,548394741915.06464
195.996,200.958,134841055072.4646,11382479197.572058,27174739031.129562,2293929705.2745028,5393139277553.103,455256713938.9928
200.958,212.108,360126765945.4547,25056799111.061665,32298364658.785156,2247246557.045888,6668247455912.9375,463961451149.02527
212.108,224.325,299965914739.77814,18468280077.254448,24553156645.63956,1511686999.8571231,5355804271152.31,329745775963.92426
224.325,235.59,260056605101.534,15215908760.10101,23085362192.768192,1350724257.4434967,5307059503246.028,310515986141.9041
235.59,241.796,136809188596.60793,11890941998.172852,22044664614.342278,1916039638.7645621,5261462483430.835,457306602413.3248
241.796,256.748,392168397593.5442,25395102147.546932,26228491010.80419,1698441823.6722133,6535087336312.456,423183539181.5549
256.748,268.297,256392829330.6572,18104668610.953865,22200435477.58736,1567639502.203984,5826703734462.989,411441070649.49866
268.297,276.468,157865464659.57144,12510283326.85131,19320213518.488754,1531059029.109206,5261896064321.733,416986772522.17847
276.468,284.888,171328561749.12787,14447875206.926315,20347810183.98203,1715899668.2810433,5710540174516.252,481561106701.8721
284.888,288.327,71145585035.33846,8121764174.636865,20687870030.630424,2361664488.1177125,5929191999464.581,676858573049.5547
288.327,295.922,151460174817.52652,16383744796.508783,19942090166.88953,2157175088.4145784,5825080867952.095,630110446356.8157
295.922,319.928,418246352935.13586,23613278775.637806,17422575728.365257,983640705.4752076,5360769242645.998,302657363752.5449
319.928,335.323,241888445024.74356,15254101716.950497,15712143229.92815,990847789.3439763,5146277804680.533,324537391971.1268
335.323,353.575,311588072257.6181,18515551809.02939,17071448184.178059,1014439612.5920107,5878179051648.672,349300048570.4287
353.575,371.703,235188371880.52277,13716908173.226723,12973762791.290983,756669691.8152435,4703322528168.914,274312214979.47025
371.703,390.76,298125627368.8527,21930706716.36117,15643890820.635592,1150795335.9060268,5962080834406.589,438582376673.1616
390.76,419.094,391594925669.1649,20062848225.311657,13820672184.272072,708083864.8024161,5592937137607.464,286546738913.3824
419.094,453.999,452026804771.06647,20480025307.40657,12950202113.481337,586736149.7609671,5648845755218.271,255932840272.81973
453.999,501.746,549214875172.24603,23618647375.56599,11502604879.30648,494662436.91888523,5489914861362.746,236090406676.87726
501.746,539.204,434674863205.99365,24949469244.207413,11604326531.208126,666065172.8391113,6035850202052.071,346445749975.13855
539.204,577.146,452657389224.69867,22537032518.452248,11930245881.205486,593986413.9595236,6655317704602.131,331356816655.861
577.146,592.941,171594728626.8776,15896212495.27894,10863863794.040949,1006407881.9423151,6355253782057.125,588738741506.8959
592.941,600.099,65077445471.15453,8415053182.8187895,9091568241.290081,1175615141.4946594,5423204673520.535,701265321934.2334
600.099,612.834,144573225257.2022,17400042975.280804,11352432293.459232,1366316684.3565717,6884490388060.504,828579623938.3047
612.834,646.837,316721752203.83984,19571079646.11743,9314523783.308516,575569204.073682,5864479993223.109,362381820104.87177
646.837,677.287,278680513764.2758,19217651252.573795,9152069417.54599,631121551.8086623,6057635013184.225,417731098332.9966
677.287,748.517,594577678739.6188,29230685956.97436,8347292976.830249,410370433.2019424,5943371273646.303,292188599467.6538
748.517,832.218,600282825532.8662,27007157176.98075,7171752135.9705,322662300.0559226,5660367881961.183,254664032628.21558
832.218,909.681,511917813269.883,24618009495.413094,6608546186.823161,317803460.947976,5750015879047.446,276516936585.94934
909.681,982.494,500805943730.3248,25599842117.613014,6877974314.069259,351583400.18421185,6502345846432.603,332382291278.1295
982.494,1064.32,414245130191.4753,27242371522.91211,5062512284.499741,332930505.2539797,5176868758528.0205,340451031928.8223
1064.32,1134.67,308197296155.14154,16132900198.641916,4380913946.768172,229323385.9082002,4814327389978.024,252010852382.70987
1134.67,1343.58,934692798820.9044,33626800822.43258,4474141012.019075,160963098.0921574,5524286822607.1,198743472619.1701
1343.58,1586.2,981439496814.5779,36649953547.96688,4045171448.415536,151059078.1797332,5905377584841.956,220524866657.72812
1586.2,1811.83,697887153513.1731,30601196098.762417,3093060113.961678,135625564.4141401,5243557763552.556,229921325489.2377
1811.83,2084.1,749297296115.0144,28630265210.12832,2752037668.9132643,105153947.22197936,5347765732672.521,204335384635.56522
2084.1,2397.29,760628162145.6733,30616081589.35233,2428647664.822227,97755616.68428853,5428552945815.702,218504951791.914
2397.29,2700.24,696009532265.1324,34507349221.09329,2297440278.148648,113904437.10544088,5845285132088.587,289802489763.9035
2700.24,2996.18,591083182411.3347,26889705326.41594,1997307502.910504,90862017.052159,5681069038126.759,258444626610.85587
2996.18,3481.07,800990153502.4674,29355047485.438328,1651900747.5973248,60539601.73531792,5334875371947.201,195514912621.11148
3481.07,4097.35,866813021600.2065,34253859307.98326,1406524666.7102716,55581650.07461422,5311965710133.186,209913004938.28458
4097.35,5004.51,1170980131788.1497,36594031471.91538,1290819846.3205495,40339114.89915273,5845180764916.765,182666403181.20825
5004.51,6112.52,1108731520696.5276,39166176935.65389,1000651186.087244,35348216.113260604,5534439467522.957,195505252063.63345
6112.52,7465.85,1085627061510.5254,36549227550.05634,802189459.7108802,27006884.90616209,5419094543138.011,182441767154.21667
7465.85,9118.81,1060478385992.2074,33253675552.059044,641563247.7447778,20117652.908757057,5293564274589.389,165991566849.7744
9118.81,11137.7,1132747950720.4421,44705639904.2828,561074625.5221639,22143672.961024508,5654412261147.345,223160075687.12946
11137.7,13603.7,1135167735561.7651,38134512614.46736,460327548.8896047,15464117.037496902,5666217582970.7705,190349354659.18958
13603.7,14899.7,474690539965.5602,22438434262.582882,366273564.78824085,17313606.68409173,5214622333403.514,246493137277.94217
14899.7,16200.5,509983602813.9742,27960647789.941525,392053815.20139486,21494962.938146938,6091141041469.859,333956324006.5991
16200.5,18584.7,801791835194.4901,29591155596.042282,336293865.9485319,12411356.260398572,5835269687115.251,215358108771.97488
18584.7,22699.4,1231806833186.6992,42311444442.36975,299367349.5483751,10282996.194709152,6148786289900.873,211205216990.1494
22699.4,24999.1,634086921659.2406,29144581816.80125,275725930.19056463,12673210.339088267,6568209345143.703,301895068500.23444
24999.1,26100.1,249707942391.87677,17105069461.850758,226801037.59480178,15535939.565713676,5793330561828.8545,396844892983.144
26100.1,27394.4,316259055531.21106,20343977008.881416,244347566.66245103,15718131.04294319,6533712199559.097,420293706838.5714
27394.4,29281.0,444221795904.4391,24223339364.254128,235461568.90938166,12839679.510364754,6668741483842.508,363645344701.517
29281.0,33459.6,1047654057601.1583,38580494857.76275,250718914.85214153,9232875.809544528,7847664430160.934,288994993143.5619
33459.6,36978.6,434196752487.92395,19125335131.1349,123386403.0940392,5434877.843459762,4340131706285.2007,191172487864.882
36978.6,40867.7,548909230304.63135,25521506220.68826,141140425.88378584,6562316.788122771,5486769986673.021,255107086227.4397
40867.7,49915.9,1240214071193.088,36516678326.01813,137067490.90350428,4035794.779737198,6190760660401.437,182279834490.00134
49915.9,55165.6,674648484797.3861,28202837042.55222,128511816.82713039,5372275.94768315,6743675891930.98,281910945527.48676
55165.6,67379.4,1359060712964.9475,45014826776.37555,111272553.4203072,3685570.9751572455,6783999337330.047,224699715110.39835
67379.4,82297.4,1637746854857.589,43465696444.03644,109783272.21193117,2913641.000404641,8175094816162.714,216966491876.69653
82297.4,94664.5,838071753610.3777,27855401768.39189,67766230.85528356,2252379.439673964,5981360261548.818,198805403581.70215
94664.5,115624.0,1565751109107.1516,42177279387.76685,74703647.94518723,2012322.7838339107,7815546969305.965,210530592107.07126
115624.0,122773.0,429523894497.26447,24513113812.16449,60081674.98912638,3428887.090804936,7158424693468.801,408534383010.73834
122773.0,140000.0,1343145740289.0537,42481043338.32487,77967477.81326137,2465957.1218624753,10221836669296.213,323296477456.12524
140000.0,164999.0,1230991394082.165,35010688037.54546,49241625.42830374,1400483.5408434523,7484056441870.222,212854424979.1982
164999.0,195008.0,1670179032078.2637,48953288744.07201,55655937.621322386,1631286.9053974478,9983397738770.996,292615427907.05505
195008.0,230014.0,1606814632239.8362,46807191621.34691,45901120.7290132,1337119.1116193484,9721351330103.395,283187086672.4015
230014.0,267826.0,1759260747581.0142,46423857146.44737,46526519.29495965,1227754.6055867812,11547927974713.332,304729903951.24335
267826.0,320646.0,2100526537433.7776,52876063301.17954,39767636.07409651,1001061.4029000291,11653840145653.852,293359392638.8789
320646.0,383884.0,2428875092593.7217,54950263128.80298,38408474.217934184,868943.722584569,13475347517528.104,304862894801.84906
383884.0,412501.0,971232989037.0474,38239615364.07022,33939021.87640379,1336255.210681421,13505536169700.455,531743170016.2153
412501.0,456021.0,1004511644045.2417,37940642357.67435,23081609.467951324,871797.8482921495,10010851354294.797,378112223169.0451
456021.0,494002.0,1169164481618.7646,45134351853.15909,30782877.79728719,1188340.2715346909,14610530767682.236,564024007569.0244
494002.0,578443.0,2476932000848.1353,65114415388.42443,29333285.973024186,771123.2148887913,15680335646191.326,412209898514.134
578443.0,706511.0,3498103077401.5786,70100746227.27219,27314419.506836824,547371.2889033341,17461507069486.648,349922414731.4289
706511.0,860006.0,4011768818894.6978,74610890940.60098,26136153.092248593,486080.26932864904,20372853862225.85,378894409494.44525
860006.0,951119.0,1832477616113.7544,55286861182.58086,20112142.24220204,606794.4330949575,18189740410131.15,548794508679.9218
951119.0,1051150.0,1505847472293.9504,47570259853.38246,15053808.042446347,475555.17642913165,15052067246261.328,475500184055.47046
1051150.0,1162050.0,2019340802279.3716,62633029364.14077,18208663.68150921,564770.3279002775,20124394826530.508,624189740871.3218
1162050.0,1286960.0,2082540969644.9893,65004871486.943054,16672331.836081892,520413.6697377556,20388781774961.383,636419719167.6989
1286960.0,1336940.0,661555449854.1447,33183402501.379707,13236403.558506297,663933.6234769849,17362349038698.805,870889683771.1931
1336940.0,1405770.0,1122378282879.8933,44195696628.40994,16306527.428154778,642099.3262881003,22354995118281.285,880268798360.9811
1405770.0,1636540.0,3497255910045.977,86925249405.22641,15154725.094448918,376674.8251732305,22986270363457.164,571330018629.7234
1636540.0,1901390.0,3422745301906.458,80364485949.10143,12923335.102535238,303433.9662038944,22796780669201.33,535257928410.37006
1901390.0,2231300.0,3530098909005.582,81431759275.56006,10700187.654225644,246830.22422951733,22039715272804.8,508408640907.5988
2231300.0,2725310.0,5307144176445.775,117993848129.14244,10742989.365490122,238849.10857906204,26491837560704.32,588993581835.0187
2725310.0,3328710.0,4178503622046.3037,108032210287.88452,6924931.425333616,179039.12875022294,20857459663371.418,539254640473.6467
3328710.0,4065690.0,3046680738535.1074,85912040864.18105,4134007.352350278,116573.09677899134,15208148894673.041,428848055125.03955
4065690.0,4965850.0,3149103545121.1445,87108879553.74934,3498382.004444926,96770.44031477664,15719226059416.803,434817131246.54346
4965850.0,6065300.0,2293888322690.524,79169265218.8242,2086396.2187371175,72008.06332150093,11450375493816.104,395188294634.06
6065300.0,6703190.0,666098002811.5089,41965388492.81621,1044220.7948259246,65787.81371837811,6658236936768.436,419481065172.589
6703190.0,7408170.0,533733621530.16113,41189017792.34851,757090.4444525535,58425.796181946316,5335117632246.927,411718966567.8069
7408170.0,8187300.0,351518474358.53613,33731112012.645233,451167.93649138924,43293.30408615409,3513694911545.653,337168158390.22174
8187300.0,9048360.0,249737976566.53452,24814782065.378544,290035.51037852705,28818.876809256664,2496355668091.2803,248046062969.738
9048360.0,9999990.0,189358056859.16107,26068401606.534348,198982.85768540407,27393.421399634673,1892781062465.3784,260573950261.27255
9999990.0,11618300.0,104681019471.44254,20214970806.39198,64685.39369554815,12491.408201390326,697231984902.7865,134642596062.38945
11618300.0,13840300.0,55620774037.38265,10511999301.378693,25031.85150197239,4730.872772897702,317421996479.07074,59990891226.85713
13840300.0,14918200.0,501488453.88511926,501488453.88511926,465.24580562679216,465.24580562679216,6685185015.254853,6685185015.254853
14918200.0,19640300.0,2493322417.272174,2055109626.7623398,528.0113545397544,435.21094995072957,9038066512.93214,7449585087.501981
